original,edited,simGrade,cos_BOW,cos_TFID,cos_MARK,BOW_correct,TFIDF_correct,MARK_correct
"Artificial Intelligence has been one of the most impactful technologies that has helped in shaping the modern world. It refers to the ability of machines to mimic human intelligence by performing tasks that typically require human cognition, such as learning, reasoning, problem-solving, and decision-making. AI is a branch of computer science that seeks to create machines capable of thinking and acting like humans. This technology is revolutionizing many industries and transforming our daily lives, making it a crucial topic of study, especially for school students.

Artificial Intelligence (AI) is one of the most impactful technologies shaping the modern world. It refers to the ability of machines to mimic human intelligence by performing tasks that typically require human cognition, such as learning, reasoning, problem-solving, and decision-making. AI is a branch of computer science that seeks to create machines capable of thinking and acting like humans. This technology is revolutionizing many industries and transforming our daily lives, making it a crucial topic of study, especially for school students. 

AI is used across many industries to improve efficiency and effectiveness. Let us take a look at some of the most common applications of AI. 

AI has made significant contributions to healthcare by helping doctors diagnose diseases faster and more accurately. AI-powered systems detect early signs of illnesses, analyse medical images, and even assist in surgeries. It also plays a crucial role in drug discovery and personalised medicine. Artificial intelligence has also made significant contributions to transportation. Companies like Tesla, Google, and Uber are using AI algorithms to improve the safety and reliability of autonomous vehicles. Additionally, AI is used in traffic management systems to reduce congestion and improve road safety.

AI is used to personalise recommendations on platforms like Netflix, YouTube, and Spotify, ensuring users have access to content that is according to their preferences. Even AI-driven gaming engines are also making video games more interactive and lifelike. AI-based tools are used in education to help students with personalised learning. Virtual tutors and AI-powered educational software are becoming popular to enhance student learning.

AI is also being used in financial institutions to detect fraudulent activities and automate trading processes. It also provides customer service through AI-powered chatbots. If we talk about the advantages of AI, then it is vast. It can process large amounts of data quickly and accurately, reducing human error and saving time. In industries like healthcare, it improves diagnosis and treatment, potentially saving lives. In business, AI helps companies become more efficient and profitable by taking up all the important tasks and completing them on time. In education, AI can provide personalised learning experiences, improving student outcomes.

Despite its many benefits, AI also raises several ethical concerns. One major issue is job displacement, as automation could potentially replace many jobs currently performed by humans. For example, self-driving cars could replace drivers, and automated systems in factories could reduce the need for human workers. There are concerns about data privacy too as AI systems often rely on large datasets, which can be misused. In conclusion, we can say that Artificial Intelligence is a rapidly evolving field that holds immense potential to change the way we live and work. While it offers numerous benefits, such as improving healthcare, education, and efficiency in industries, it also presents challenges that need to be addressed, including ethical concerns and job displacement. By using AI responsibly, society can make developments for the greater good, ensuring a better and more equitable future for everyone.

These were some of the examples of essay writing on Artificial Intelligence. To get more such updates, keep following Jagran Josh.","Artificial Intelligence has been one of the most significant innovations that has contributed to molding the contemporary world. It pertains to the capacity of machines to emulate human intellect by executing tasks that generally demand human thought, such as acquiring knowledge, reasoning, addressing challenges, and making judgments. AI is a segment of computer science that endeavors to construct machines capable of thinking and behaving like humans. This advancement is overhauling numerous sectors and altering our everyday existence, making it a vital subject of exploration, particularly for school pupils.

Artificial Intelligence (AI) is one of the most influential innovations shaping the contemporary world. It pertains to the capacity of machines to emulate human intellect by executing tasks that generally demand human thought, such as acquiring knowledge, reasoning, addressing challenges, and making judgments. AI is a segment of computer science that endeavors to construct machines capable of thinking and behaving like humans. This advancement is overhauling numerous sectors and altering our everyday existence, making it a vital subject of exploration, particularly for school pupils.

AI is utilized across many fields to enhance productivity and precision. Let us examine some of the most frequent uses of AI.

AI has made notable advancements in healthcare by assisting physicians in identifying illnesses more swiftly and precisely. AI-driven systems recognize early indicators of conditions, evaluate medical visuals, and even support operations. It also plays a pivotal role in pharmaceutical innovation and customized healthcare. Artificial Intelligence has likewise made substantial strides in transportation. Enterprises like Tesla, Google, and Uber are employing AI algorithms to boost the dependability and security of self-driving vehicles. Moreover, AI is applied in traffic control systems to alleviate bottlenecks and enhance roadway safety.

AI is employed to tailor suggestions on platforms like Netflix, YouTube, and Spotify, ensuring users access material aligned with their tastes. Even AI-enhanced gaming systems are rendering video games more engaging and realistic. AI-based instruments are utilized in education to aid students with individualized learning. Virtual instructors and AI-supported educational programs are gaining traction to improve student education.

AI is also being harnessed in financial entities to detect deceitful actions and streamline trading activities. It also delivers customer assistance via AI-powered chatbots. If we discuss the merits of AI, they are extensive. It can handle vast quantities of information rapidly and accurately, minimizing human mistakes and conserving time. In sectors like healthcare, it enhances diagnosis and care, potentially preserving lives. In commerce, AI enables firms to become more effective and lucrative by undertaking critical tasks and completing them promptly. In education, AI can offer tailored learning opportunities, boosting student achievements.

Despite its numerous advantages, AI also provokes several moral dilemmas. One primary concern is job displacement, as mechanization could potentially supplant many positions currently held by humans. For instance, autonomous vehicles might replace drivers, and automated setups in factories could diminish the demand for human laborers. There are worries about data confidentiality too, as AI systems often depend on extensive datasets, which can be exploited. In summary, we can conclude that Artificial Intelligence is a swiftly advancing domain that holds tremendous promise to transform how we live and operate. While it provides countless benefits, such as advancing healthcare, education, and productivity in industries, it also introduces obstacles that require attention, including moral issues and job displacement. By leveraging AI conscientiously, society can achieve progress for the greater benefit, ensuring a superior and more just future for all.

These were some illustrations of essay composition on Artificial Intelligence. To receive further updates like this, continue following Jagran Josh.",high,0.8884250184349421,0.7493121657922768,0.2250147966236774,True,False,False
"Artificial Intelligence has been one of the most impactful technologies that has helped in shaping the modern world. It refers to the ability of machines to mimic human intelligence by performing tasks that typically require human cognition, such as learning, reasoning, problem-solving, and decision-making. AI is a branch of computer science that seeks to create machines capable of thinking and acting like humans. This technology is revolutionizing many industries and transforming our daily lives, making it a crucial topic of study, especially for school students.

Artificial Intelligence (AI) is one of the most impactful technologies shaping the modern world. It refers to the ability of machines to mimic human intelligence by performing tasks that typically require human cognition, such as learning, reasoning, problem-solving, and decision-making. AI is a branch of computer science that seeks to create machines capable of thinking and acting like humans. This technology is revolutionizing many industries and transforming our daily lives, making it a crucial topic of study, especially for school students. 

AI is used across many industries to improve efficiency and effectiveness. Let us take a look at some of the most common applications of AI. 

AI has made significant contributions to healthcare by helping doctors diagnose diseases faster and more accurately. AI-powered systems detect early signs of illnesses, analyse medical images, and even assist in surgeries. It also plays a crucial role in drug discovery and personalised medicine. Artificial intelligence has also made significant contributions to transportation. Companies like Tesla, Google, and Uber are using AI algorithms to improve the safety and reliability of autonomous vehicles. Additionally, AI is used in traffic management systems to reduce congestion and improve road safety.

AI is used to personalise recommendations on platforms like Netflix, YouTube, and Spotify, ensuring users have access to content that is according to their preferences. Even AI-driven gaming engines are also making video games more interactive and lifelike. AI-based tools are used in education to help students with personalised learning. Virtual tutors and AI-powered educational software are becoming popular to enhance student learning.

AI is also being used in financial institutions to detect fraudulent activities and automate trading processes. It also provides customer service through AI-powered chatbots. If we talk about the advantages of AI, then it is vast. It can process large amounts of data quickly and accurately, reducing human error and saving time. In industries like healthcare, it improves diagnosis and treatment, potentially saving lives. In business, AI helps companies become more efficient and profitable by taking up all the important tasks and completing them on time. In education, AI can provide personalised learning experiences, improving student outcomes.

Despite its many benefits, AI also raises several ethical concerns. One major issue is job displacement, as automation could potentially replace many jobs currently performed by humans. For example, self-driving cars could replace drivers, and automated systems in factories could reduce the need for human workers. There are concerns about data privacy too as AI systems often rely on large datasets, which can be misused. In conclusion, we can say that Artificial Intelligence is a rapidly evolving field that holds immense potential to change the way we live and work. While it offers numerous benefits, such as improving healthcare, education, and efficiency in industries, it also presents challenges that need to be addressed, including ethical concerns and job displacement. By using AI responsibly, society can make developments for the greater good, ensuring a better and more equitable future for everyone.

These were some of the examples of essay writing on Artificial Intelligence. To get more such updates, keep following Jagran Josh.","Artificial Intelligence (AI) stands out as one of the most transformative technologies shaping today’s world. It describes the capability of machines to replicate human intelligence, enabling them to handle tasks that usually demand human thinking, such as learning, reasoning, problem-solving, and decision-making. As a key area of computer science, AI focuses on developing systems that can think and behave like humans. This technology is reshaping numerous industries and altering our everyday lives, making it an essential subject for students to explore.

AI finds applications in various sectors, boosting both efficiency and precision. In healthcare, AI assists doctors by speeding up diagnoses, analyzing medical scans, and supporting surgical procedures. It also advances drug development and tailors treatments to individual patients. In transportation, companies like Tesla and Google leverage AI to enhance the safety and performance of self-driving cars, while traffic systems use it to ease congestion.

In entertainment, AI personalizes recommendations on platforms like Netflix and Spotify, matching content to user tastes. It also powers gaming engines to create more immersive experiences. In education, AI-driven tools offer customized learning paths, with virtual tutors gaining traction. Financial institutions use AI to spot fraud, automate trading, and provide customer support via chatbots. The benefits are vast—AI processes data swiftly, cuts down errors, saves time, and improves outcomes in fields like healthcare and education.

However, AI brings ethical challenges. Automation might displace jobs, such as drivers or factory workers, while its reliance on big data raises privacy concerns. In summary, AI is a fast-growing field with the power to revolutionize our lives. Though it offers immense advantages, it also poses risks that society must manage responsibly to ensure a brighter, fairer future.",high,0.7645627662131415,0.5892516209862999,0.08193230057218209,False,False,False
"Artificial Intelligence has been one of the most impactful technologies that has helped in shaping the modern world. It refers to the ability of machines to mimic human intelligence by performing tasks that typically require human cognition, such as learning, reasoning, problem-solving, and decision-making. AI is a branch of computer science that seeks to create machines capable of thinking and acting like humans. This technology is revolutionizing many industries and transforming our daily lives, making it a crucial topic of study, especially for school students.

Artificial Intelligence (AI) is one of the most impactful technologies shaping the modern world. It refers to the ability of machines to mimic human intelligence by performing tasks that typically require human cognition, such as learning, reasoning, problem-solving, and decision-making. AI is a branch of computer science that seeks to create machines capable of thinking and acting like humans. This technology is revolutionizing many industries and transforming our daily lives, making it a crucial topic of study, especially for school students. 

AI is used across many industries to improve efficiency and effectiveness. Let us take a look at some of the most common applications of AI. 

AI has made significant contributions to healthcare by helping doctors diagnose diseases faster and more accurately. AI-powered systems detect early signs of illnesses, analyse medical images, and even assist in surgeries. It also plays a crucial role in drug discovery and personalised medicine. Artificial intelligence has also made significant contributions to transportation. Companies like Tesla, Google, and Uber are using AI algorithms to improve the safety and reliability of autonomous vehicles. Additionally, AI is used in traffic management systems to reduce congestion and improve road safety.

AI is used to personalise recommendations on platforms like Netflix, YouTube, and Spotify, ensuring users have access to content that is according to their preferences. Even AI-driven gaming engines are also making video games more interactive and lifelike. AI-based tools are used in education to help students with personalised learning. Virtual tutors and AI-powered educational software are becoming popular to enhance student learning.

AI is also being used in financial institutions to detect fraudulent activities and automate trading processes. It also provides customer service through AI-powered chatbots. If we talk about the advantages of AI, then it is vast. It can process large amounts of data quickly and accurately, reducing human error and saving time. In industries like healthcare, it improves diagnosis and treatment, potentially saving lives. In business, AI helps companies become more efficient and profitable by taking up all the important tasks and completing them on time. In education, AI can provide personalised learning experiences, improving student outcomes.

Despite its many benefits, AI also raises several ethical concerns. One major issue is job displacement, as automation could potentially replace many jobs currently performed by humans. For example, self-driving cars could replace drivers, and automated systems in factories could reduce the need for human workers. There are concerns about data privacy too as AI systems often rely on large datasets, which can be misused. In conclusion, we can say that Artificial Intelligence is a rapidly evolving field that holds immense potential to change the way we live and work. While it offers numerous benefits, such as improving healthcare, education, and efficiency in industries, it also presents challenges that need to be addressed, including ethical concerns and job displacement. By using AI responsibly, society can make developments for the greater good, ensuring a better and more equitable future for everyone.

These were some of the examples of essay writing on Artificial Intelligence. To get more such updates, keep following Jagran Josh.","Artificial Intelligence (AI) is among the most influential technologies shaping the modern era. It refers to machines emulating human intelligence by performing tasks like learning, reasoning, problem-solving, and decision-making—activities typically requiring human cognition. As a segment of computer science, AI strives to develop systems capable of human-like thought and action. This technology is revolutionizing industries and reshaping daily life, making it a critical subject for students to study.

AI’s applications span multiple fields. In healthcare, it accelerates disease diagnosis, analyzes medical imagery, and aids in surgery, while also advancing drug discovery. In transportation, firms like Tesla and Google employ AI to enhance autonomous vehicles’ safety and efficiency. Entertainment platforms like Netflix use AI to tailor recommendations, and gaming engines leverage it for realism. In education, AI personalizes learning through virtual tutors and adaptive software.

AI’s advantages include rapid data processing, reduced errors, and improved outcomes in healthcare and beyond. Yet, it poses ethical dilemmas, such as job displacement from automation and privacy risks from data reliance. In conclusion, AI’s rapid evolution offers immense potential to transform society, but its challenges—like job loss and ethical concerns—must be addressed responsibly for a balanced future.",high,0.7016499247618956,0.5089541296290406,0.11778483842427456,False,False,False
"Artificial Intelligence has been one of the most impactful technologies that has helped in shaping the modern world. It refers to the ability of machines to mimic human intelligence by performing tasks that typically require human cognition, such as learning, reasoning, problem-solving, and decision-making. AI is a branch of computer science that seeks to create machines capable of thinking and acting like humans. This technology is revolutionizing many industries and transforming our daily lives, making it a crucial topic of study, especially for school students.

Artificial Intelligence (AI) is one of the most impactful technologies shaping the modern world. It refers to the ability of machines to mimic human intelligence by performing tasks that typically require human cognition, such as learning, reasoning, problem-solving, and decision-making. AI is a branch of computer science that seeks to create machines capable of thinking and acting like humans. This technology is revolutionizing many industries and transforming our daily lives, making it a crucial topic of study, especially for school students. 

AI is used across many industries to improve efficiency and effectiveness. Let us take a look at some of the most common applications of AI. 

AI has made significant contributions to healthcare by helping doctors diagnose diseases faster and more accurately. AI-powered systems detect early signs of illnesses, analyse medical images, and even assist in surgeries. It also plays a crucial role in drug discovery and personalised medicine. Artificial intelligence has also made significant contributions to transportation. Companies like Tesla, Google, and Uber are using AI algorithms to improve the safety and reliability of autonomous vehicles. Additionally, AI is used in traffic management systems to reduce congestion and improve road safety.

AI is used to personalise recommendations on platforms like Netflix, YouTube, and Spotify, ensuring users have access to content that is according to their preferences. Even AI-driven gaming engines are also making video games more interactive and lifelike. AI-based tools are used in education to help students with personalised learning. Virtual tutors and AI-powered educational software are becoming popular to enhance student learning.

AI is also being used in financial institutions to detect fraudulent activities and automate trading processes. It also provides customer service through AI-powered chatbots. If we talk about the advantages of AI, then it is vast. It can process large amounts of data quickly and accurately, reducing human error and saving time. In industries like healthcare, it improves diagnosis and treatment, potentially saving lives. In business, AI helps companies become more efficient and profitable by taking up all the important tasks and completing them on time. In education, AI can provide personalised learning experiences, improving student outcomes.

Despite its many benefits, AI also raises several ethical concerns. One major issue is job displacement, as automation could potentially replace many jobs currently performed by humans. For example, self-driving cars could replace drivers, and automated systems in factories could reduce the need for human workers. There are concerns about data privacy too as AI systems often rely on large datasets, which can be misused. In conclusion, we can say that Artificial Intelligence is a rapidly evolving field that holds immense potential to change the way we live and work. While it offers numerous benefits, such as improving healthcare, education, and efficiency in industries, it also presents challenges that need to be addressed, including ethical concerns and job displacement. By using AI responsibly, society can make developments for the greater good, ensuring a better and more equitable future for everyone.

These were some of the examples of essay writing on Artificial Intelligence. To get more such updates, keep following Jagran Josh.","Artificial Intelligence, or AI, is a transformative force in today’s world. It’s the ability of machines to imitate human smarts, tackling tasks like learning, thinking through problems, and making decisions—stuff we usually associate with people. Rooted in computer science, AI aims to craft machines that can act and reason like humans. It’s changing industries and our everyday lives, which is why it’s such an important topic for students.

AI pops up everywhere. In healthcare, it helps spot illnesses early and makes sense of scans. In transportation, it’s behind self-driving cars from companies like Tesla, making roads safer. It’s also how Netflix knows what you’ll binge next or why video games feel so lifelike. Schools use it too, with tools that tweak lessons to fit each kid. AI’s great at crunching data fast and cutting mistakes, but it’s got downsides—like maybe taking jobs or risking privacy. All in all, AI’s a big deal with big perks and some tricky bits to figure out.",high,0.5813486204480489,0.3730910951015366,0.029690635344744896,False,False,False
"Artificial Intelligence has been one of the most impactful technologies that has helped in shaping the modern world. It refers to the ability of machines to mimic human intelligence by performing tasks that typically require human cognition, such as learning, reasoning, problem-solving, and decision-making. AI is a branch of computer science that seeks to create machines capable of thinking and acting like humans. This technology is revolutionizing many industries and transforming our daily lives, making it a crucial topic of study, especially for school students.

Artificial Intelligence (AI) is one of the most impactful technologies shaping the modern world. It refers to the ability of machines to mimic human intelligence by performing tasks that typically require human cognition, such as learning, reasoning, problem-solving, and decision-making. AI is a branch of computer science that seeks to create machines capable of thinking and acting like humans. This technology is revolutionizing many industries and transforming our daily lives, making it a crucial topic of study, especially for school students. 

AI is used across many industries to improve efficiency and effectiveness. Let us take a look at some of the most common applications of AI. 

AI has made significant contributions to healthcare by helping doctors diagnose diseases faster and more accurately. AI-powered systems detect early signs of illnesses, analyse medical images, and even assist in surgeries. It also plays a crucial role in drug discovery and personalised medicine. Artificial intelligence has also made significant contributions to transportation. Companies like Tesla, Google, and Uber are using AI algorithms to improve the safety and reliability of autonomous vehicles. Additionally, AI is used in traffic management systems to reduce congestion and improve road safety.

AI is used to personalise recommendations on platforms like Netflix, YouTube, and Spotify, ensuring users have access to content that is according to their preferences. Even AI-driven gaming engines are also making video games more interactive and lifelike. AI-based tools are used in education to help students with personalised learning. Virtual tutors and AI-powered educational software are becoming popular to enhance student learning.

AI is also being used in financial institutions to detect fraudulent activities and automate trading processes. It also provides customer service through AI-powered chatbots. If we talk about the advantages of AI, then it is vast. It can process large amounts of data quickly and accurately, reducing human error and saving time. In industries like healthcare, it improves diagnosis and treatment, potentially saving lives. In business, AI helps companies become more efficient and profitable by taking up all the important tasks and completing them on time. In education, AI can provide personalised learning experiences, improving student outcomes.

Despite its many benefits, AI also raises several ethical concerns. One major issue is job displacement, as automation could potentially replace many jobs currently performed by humans. For example, self-driving cars could replace drivers, and automated systems in factories could reduce the need for human workers. There are concerns about data privacy too as AI systems often rely on large datasets, which can be misused. In conclusion, we can say that Artificial Intelligence is a rapidly evolving field that holds immense potential to change the way we live and work. While it offers numerous benefits, such as improving healthcare, education, and efficiency in industries, it also presents challenges that need to be addressed, including ethical concerns and job displacement. By using AI responsibly, society can make developments for the greater good, ensuring a better and more equitable future for everyone.

These were some of the examples of essay writing on Artificial Intelligence. To get more such updates, keep following Jagran Josh.","Artificial Intelligence (AI) is a game-changer in today’s tech-driven society. It’s all about teaching computers to do things that usually require a human brain—like figuring stuff out, learning from experience, or making choices. This field of computer science is pushing boundaries, creating machines that can almost think for themselves. From how we shop to how we get around, AI is shaking things up everywhere, and it’s something kids in school should definitely know about.

Take healthcare, for example—AI’s helping doctors catch problems sooner and figure out the best treatments. Or think about cars those self-driving ones you hear about That’s AI making them smart enough to dodge accidents and find the fastest routes. It’s also why your favorite streaming app knows exactly what to play next, or why video games feel so real these days. Even in classrooms, AI’s popping up with apps that adjust to how each student learns.

AI’s awesome because it’s fast and sharp, digging through piles of data without breaking a sweat. But it’s not all perfect. Some worry it’ll take away jobs—like if robots start running warehouses or driving trucks. Plus, all that data it uses It could get into the wrong hands. So yeah, AI’s got huge potential to make life better, but we’ve got to keep an eye on the risks and steer it right.",low,0.5638138375492692,0.3537820252658907,0.03083936859639262,False,True,True
"Artificial Intelligence has been one of the most impactful technologies that has helped in shaping the modern world. It refers to the ability of machines to mimic human intelligence by performing tasks that typically require human cognition, such as learning, reasoning, problem-solving, and decision-making. AI is a branch of computer science that seeks to create machines capable of thinking and acting like humans. This technology is revolutionizing many industries and transforming our daily lives, making it a crucial topic of study, especially for school students.

Artificial Intelligence (AI) is one of the most impactful technologies shaping the modern world. It refers to the ability of machines to mimic human intelligence by performing tasks that typically require human cognition, such as learning, reasoning, problem-solving, and decision-making. AI is a branch of computer science that seeks to create machines capable of thinking and acting like humans. This technology is revolutionizing many industries and transforming our daily lives, making it a crucial topic of study, especially for school students. 

AI is used across many industries to improve efficiency and effectiveness. Let us take a look at some of the most common applications of AI. 

AI has made significant contributions to healthcare by helping doctors diagnose diseases faster and more accurately. AI-powered systems detect early signs of illnesses, analyse medical images, and even assist in surgeries. It also plays a crucial role in drug discovery and personalised medicine. Artificial intelligence has also made significant contributions to transportation. Companies like Tesla, Google, and Uber are using AI algorithms to improve the safety and reliability of autonomous vehicles. Additionally, AI is used in traffic management systems to reduce congestion and improve road safety.

AI is used to personalise recommendations on platforms like Netflix, YouTube, and Spotify, ensuring users have access to content that is according to their preferences. Even AI-driven gaming engines are also making video games more interactive and lifelike. AI-based tools are used in education to help students with personalised learning. Virtual tutors and AI-powered educational software are becoming popular to enhance student learning.

AI is also being used in financial institutions to detect fraudulent activities and automate trading processes. It also provides customer service through AI-powered chatbots. If we talk about the advantages of AI, then it is vast. It can process large amounts of data quickly and accurately, reducing human error and saving time. In industries like healthcare, it improves diagnosis and treatment, potentially saving lives. In business, AI helps companies become more efficient and profitable by taking up all the important tasks and completing them on time. In education, AI can provide personalised learning experiences, improving student outcomes.

Despite its many benefits, AI also raises several ethical concerns. One major issue is job displacement, as automation could potentially replace many jobs currently performed by humans. For example, self-driving cars could replace drivers, and automated systems in factories could reduce the need for human workers. There are concerns about data privacy too as AI systems often rely on large datasets, which can be misused. In conclusion, we can say that Artificial Intelligence is a rapidly evolving field that holds immense potential to change the way we live and work. While it offers numerous benefits, such as improving healthcare, education, and efficiency in industries, it also presents challenges that need to be addressed, including ethical concerns and job displacement. By using AI responsibly, society can make developments for the greater good, ensuring a better and more equitable future for everyone.

These were some of the examples of essay writing on Artificial Intelligence. To get more such updates, keep following Jagran Josh.","Artificial Intelligence—AI—is rewriting the rules of the modern world. It’s tech that lets machines act smart, doing things like learning, reasoning, or deciding, just like us humans. Born from computer science, it’s about creating brainy machines. It’s hitting every corner of life, and students need to get the scoop on it.

AI’s doing cool stuff. In hospitals, it’s catching diseases early. On roads, it’s steering driverless cars. It’s picking your next Netflix show or making video games epic. Even in class, it’s helping kids learn their way. It’s a speed demon with data and saves lives by being spot-on, but it’s got baggage—think job cuts or data creeps. AI’s a powerhouse, but it’s on us to keep it in check.",low,0.3650182513688641,0.1918800684929398,0.026221980837958216,True,True,True
"Artificial Intelligence has been one of the most impactful technologies that has helped in shaping the modern world. It refers to the ability of machines to mimic human intelligence by performing tasks that typically require human cognition, such as learning, reasoning, problem-solving, and decision-making. AI is a branch of computer science that seeks to create machines capable of thinking and acting like humans. This technology is revolutionizing many industries and transforming our daily lives, making it a crucial topic of study, especially for school students.

Artificial Intelligence (AI) is one of the most impactful technologies shaping the modern world. It refers to the ability of machines to mimic human intelligence by performing tasks that typically require human cognition, such as learning, reasoning, problem-solving, and decision-making. AI is a branch of computer science that seeks to create machines capable of thinking and acting like humans. This technology is revolutionizing many industries and transforming our daily lives, making it a crucial topic of study, especially for school students. 

AI is used across many industries to improve efficiency and effectiveness. Let us take a look at some of the most common applications of AI. 

AI has made significant contributions to healthcare by helping doctors diagnose diseases faster and more accurately. AI-powered systems detect early signs of illnesses, analyse medical images, and even assist in surgeries. It also plays a crucial role in drug discovery and personalised medicine. Artificial intelligence has also made significant contributions to transportation. Companies like Tesla, Google, and Uber are using AI algorithms to improve the safety and reliability of autonomous vehicles. Additionally, AI is used in traffic management systems to reduce congestion and improve road safety.

AI is used to personalise recommendations on platforms like Netflix, YouTube, and Spotify, ensuring users have access to content that is according to their preferences. Even AI-driven gaming engines are also making video games more interactive and lifelike. AI-based tools are used in education to help students with personalised learning. Virtual tutors and AI-powered educational software are becoming popular to enhance student learning.

AI is also being used in financial institutions to detect fraudulent activities and automate trading processes. It also provides customer service through AI-powered chatbots. If we talk about the advantages of AI, then it is vast. It can process large amounts of data quickly and accurately, reducing human error and saving time. In industries like healthcare, it improves diagnosis and treatment, potentially saving lives. In business, AI helps companies become more efficient and profitable by taking up all the important tasks and completing them on time. In education, AI can provide personalised learning experiences, improving student outcomes.

Despite its many benefits, AI also raises several ethical concerns. One major issue is job displacement, as automation could potentially replace many jobs currently performed by humans. For example, self-driving cars could replace drivers, and automated systems in factories could reduce the need for human workers. There are concerns about data privacy too as AI systems often rely on large datasets, which can be misused. In conclusion, we can say that Artificial Intelligence is a rapidly evolving field that holds immense potential to change the way we live and work. While it offers numerous benefits, such as improving healthcare, education, and efficiency in industries, it also presents challenges that need to be addressed, including ethical concerns and job displacement. By using AI responsibly, society can make developments for the greater good, ensuring a better and more equitable future for everyone.

These were some of the examples of essay writing on Artificial Intelligence. To get more such updates, keep following Jagran Josh.","Hey, ever heard of Artificial Intelligence? That’s AI—computers getting clever enough to do human-y things like think, learn, or choose. It’s a chunk of computer science dreaming up machines with minds of their own. It’s flipping the script on how we live, and it’s something every student should peek at.

AI’s busy out there. It’s helping doctors nail diagnoses, guiding cars without drivers, and picking tunes you’ll vibe to on Spotify. Games?高效",low,0.3819533202289036,0.19647494993043194,0.02373437980461736,True,True,True
"Artificial Intelligence has been one of the most impactful technologies that has helped in shaping the modern world. It refers to the ability of machines to mimic human intelligence by performing tasks that typically require human cognition, such as learning, reasoning, problem-solving, and decision-making. AI is a branch of computer science that seeks to create machines capable of thinking and acting like humans. This technology is revolutionizing many industries and transforming our daily lives, making it a crucial topic of study, especially for school students.

Artificial Intelligence (AI) is one of the most impactful technologies shaping the modern world. It refers to the ability of machines to mimic human intelligence by performing tasks that typically require human cognition, such as learning, reasoning, problem-solving, and decision-making. AI is a branch of computer science that seeks to create machines capable of thinking and acting like humans. This technology is revolutionizing many industries and transforming our daily lives, making it a crucial topic of study, especially for school students. 

AI is used across many industries to improve efficiency and effectiveness. Let us take a look at some of the most common applications of AI. 

AI has made significant contributions to healthcare by helping doctors diagnose diseases faster and more accurately. AI-powered systems detect early signs of illnesses, analyse medical images, and even assist in surgeries. It also plays a crucial role in drug discovery and personalised medicine. Artificial intelligence has also made significant contributions to transportation. Companies like Tesla, Google, and Uber are using AI algorithms to improve the safety and reliability of autonomous vehicles. Additionally, AI is used in traffic management systems to reduce congestion and improve road safety.

AI is used to personalise recommendations on platforms like Netflix, YouTube, and Spotify, ensuring users have access to content that is according to their preferences. Even AI-driven gaming engines are also making video games more interactive and lifelike. AI-based tools are used in education to help students with personalised learning. Virtual tutors and AI-powered educational software are becoming popular to enhance student learning.

AI is also being used in financial institutions to detect fraudulent activities and automate trading processes. It also provides customer service through AI-powered chatbots. If we talk about the advantages of AI, then it is vast. It can process large amounts of data quickly and accurately, reducing human error and saving time. In industries like healthcare, it improves diagnosis and treatment, potentially saving lives. In business, AI helps companies become more efficient and profitable by taking up all the important tasks and completing them on time. In education, AI can provide personalised learning experiences, improving student outcomes.

Despite its many benefits, AI also raises several ethical concerns. One major issue is job displacement, as automation could potentially replace many jobs currently performed by humans. For example, self-driving cars could replace drivers, and automated systems in factories could reduce the need for human workers. There are concerns about data privacy too as AI systems often rely on large datasets, which can be misused. In conclusion, we can say that Artificial Intelligence is a rapidly evolving field that holds immense potential to change the way we live and work. While it offers numerous benefits, such as improving healthcare, education, and efficiency in industries, it also presents challenges that need to be addressed, including ethical concerns and job displacement. By using AI responsibly, society can make developments for the greater good, ensuring a better and more equitable future for everyone.

These were some of the examples of essay writing on Artificial Intelligence. To get more such updates, keep following Jagran Josh.","Artificial Intelligence, often abbreviated as AI, is a groundbreaking technology that’s changing the way we live and work. It involves machines performing tasks that mimic human mental abilities, like solving problems, making decisions, or adapting to new situations. Rooted in computer science, AI aims to build systems that can act intelligently, much like people do. Its influence spans across industries and touches our daily routines, making it a vital topic for young learners to understand.

AI’s impact is evident in many areas. In medicine, it helps detect diseases early, interprets scans, and speeds up research for new drugs. In the automotive world, AI drives innovations like self-driving cars, improving safety and reducing traffic jams. Entertainment platforms use AI to suggest movies or songs based on what we like, while video games become more realistic thanks to smart algorithms. Schools are adopting AI tools to personalize lessons and support students in new ways.

The upside of AI is clear—it handles huge amounts of information quickly, cuts mistakes, and boosts productivity. But there’s a downside too. Jobs might disappear as machines take over tasks humans once did, and the vast data AI needs can threaten privacy. Ultimately, AI is a powerful force with both promise and pitfalls. By guiding its growth carefully, we can harness its benefits while tackling its challenges for a better tomorrow.",moderate,0.6858140684855317,0.4841481520487598,0.053003784109544885,False,False,False
"Artificial Intelligence has been one of the most impactful technologies that has helped in shaping the modern world. It refers to the ability of machines to mimic human intelligence by performing tasks that typically require human cognition, such as learning, reasoning, problem-solving, and decision-making. AI is a branch of computer science that seeks to create machines capable of thinking and acting like humans. This technology is revolutionizing many industries and transforming our daily lives, making it a crucial topic of study, especially for school students.

Artificial Intelligence (AI) is one of the most impactful technologies shaping the modern world. It refers to the ability of machines to mimic human intelligence by performing tasks that typically require human cognition, such as learning, reasoning, problem-solving, and decision-making. AI is a branch of computer science that seeks to create machines capable of thinking and acting like humans. This technology is revolutionizing many industries and transforming our daily lives, making it a crucial topic of study, especially for school students. 

AI is used across many industries to improve efficiency and effectiveness. Let us take a look at some of the most common applications of AI. 

AI has made significant contributions to healthcare by helping doctors diagnose diseases faster and more accurately. AI-powered systems detect early signs of illnesses, analyse medical images, and even assist in surgeries. It also plays a crucial role in drug discovery and personalised medicine. Artificial intelligence has also made significant contributions to transportation. Companies like Tesla, Google, and Uber are using AI algorithms to improve the safety and reliability of autonomous vehicles. Additionally, AI is used in traffic management systems to reduce congestion and improve road safety.

AI is used to personalise recommendations on platforms like Netflix, YouTube, and Spotify, ensuring users have access to content that is according to their preferences. Even AI-driven gaming engines are also making video games more interactive and lifelike. AI-based tools are used in education to help students with personalised learning. Virtual tutors and AI-powered educational software are becoming popular to enhance student learning.

AI is also being used in financial institutions to detect fraudulent activities and automate trading processes. It also provides customer service through AI-powered chatbots. If we talk about the advantages of AI, then it is vast. It can process large amounts of data quickly and accurately, reducing human error and saving time. In industries like healthcare, it improves diagnosis and treatment, potentially saving lives. In business, AI helps companies become more efficient and profitable by taking up all the important tasks and completing them on time. In education, AI can provide personalised learning experiences, improving student outcomes.

Despite its many benefits, AI also raises several ethical concerns. One major issue is job displacement, as automation could potentially replace many jobs currently performed by humans. For example, self-driving cars could replace drivers, and automated systems in factories could reduce the need for human workers. There are concerns about data privacy too as AI systems often rely on large datasets, which can be misused. In conclusion, we can say that Artificial Intelligence is a rapidly evolving field that holds immense potential to change the way we live and work. While it offers numerous benefits, such as improving healthcare, education, and efficiency in industries, it also presents challenges that need to be addressed, including ethical concerns and job displacement. By using AI responsibly, society can make developments for the greater good, ensuring a better and more equitable future for everyone.

These were some of the examples of essay writing on Artificial Intelligence. To get more such updates, keep following Jagran Josh.","Artificial Intelligence (AI) is one of the standout technologies of our time, reshaping how we live and work. It’s about giving machines the power to mimic human brainpower—think learning, solving puzzles, or picking the best option. A branch of computer science, AI focuses on building systems that act like people. It’s shaking up industries and daily routines, making it a must-know topic for students everywhere.

In medicine, AI speeds up spotting diseases and helps create new drugs. In cars, it’s driving the push for vehicles that steer themselves, cutting accidents. You see it in apps like Spotify, guessing your next favorite song, or in games that feel super real. Even education’s getting a boost with AI tailoring lessons. It’s fast, accurate, and saves time, but it’s not flawless—jobs might vanish, and all that data it uses could be a privacy headache. AI’s got huge promise, but we need to handle it wisely.",moderate,0.6037189276633033,0.39457067088556563,0.047675043498642426,False,False,False
"Artificial Intelligence has been one of the most impactful technologies that has helped in shaping the modern world. It refers to the ability of machines to mimic human intelligence by performing tasks that typically require human cognition, such as learning, reasoning, problem-solving, and decision-making. AI is a branch of computer science that seeks to create machines capable of thinking and acting like humans. This technology is revolutionizing many industries and transforming our daily lives, making it a crucial topic of study, especially for school students.

Artificial Intelligence (AI) is one of the most impactful technologies shaping the modern world. It refers to the ability of machines to mimic human intelligence by performing tasks that typically require human cognition, such as learning, reasoning, problem-solving, and decision-making. AI is a branch of computer science that seeks to create machines capable of thinking and acting like humans. This technology is revolutionizing many industries and transforming our daily lives, making it a crucial topic of study, especially for school students. 

AI is used across many industries to improve efficiency and effectiveness. Let us take a look at some of the most common applications of AI. 

AI has made significant contributions to healthcare by helping doctors diagnose diseases faster and more accurately. AI-powered systems detect early signs of illnesses, analyse medical images, and even assist in surgeries. It also plays a crucial role in drug discovery and personalised medicine. Artificial intelligence has also made significant contributions to transportation. Companies like Tesla, Google, and Uber are using AI algorithms to improve the safety and reliability of autonomous vehicles. Additionally, AI is used in traffic management systems to reduce congestion and improve road safety.

AI is used to personalise recommendations on platforms like Netflix, YouTube, and Spotify, ensuring users have access to content that is according to their preferences. Even AI-driven gaming engines are also making video games more interactive and lifelike. AI-based tools are used in education to help students with personalised learning. Virtual tutors and AI-powered educational software are becoming popular to enhance student learning.

AI is also being used in financial institutions to detect fraudulent activities and automate trading processes. It also provides customer service through AI-powered chatbots. If we talk about the advantages of AI, then it is vast. It can process large amounts of data quickly and accurately, reducing human error and saving time. In industries like healthcare, it improves diagnosis and treatment, potentially saving lives. In business, AI helps companies become more efficient and profitable by taking up all the important tasks and completing them on time. In education, AI can provide personalised learning experiences, improving student outcomes.

Despite its many benefits, AI also raises several ethical concerns. One major issue is job displacement, as automation could potentially replace many jobs currently performed by humans. For example, self-driving cars could replace drivers, and automated systems in factories could reduce the need for human workers. There are concerns about data privacy too as AI systems often rely on large datasets, which can be misused. In conclusion, we can say that Artificial Intelligence is a rapidly evolving field that holds immense potential to change the way we live and work. While it offers numerous benefits, such as improving healthcare, education, and efficiency in industries, it also presents challenges that need to be addressed, including ethical concerns and job displacement. By using AI responsibly, society can make developments for the greater good, ensuring a better and more equitable future for everyone.

These were some of the examples of essay writing on Artificial Intelligence. To get more such updates, keep following Jagran Josh.","AI, short for Artificial Intelligence, is a tech marvel changing the world. It’s when computers take on tasks that need human-like thinking—learning from experience, figuring things out, or making choices. Coming from computer science, it’s all about machines that can mimic us. It’s everywhere, from factories to phones, and it’s a big deal for kids in school to learn about.

Think healthcare: AI helps doctors catch problems fast and even designs medicines. Or transportation: it’s powering cars that drive on their own. It’s also why YouTube suggests videos you’ll love or why games pull you in deeper. Schools use it to make learning personal. AI’s perks? It’s quick, sharp, and cuts errors. But watch out—it might zap jobs or stir privacy worries. It’s a wild ride with ups and downs we’ve got to navigate.",moderate,0.4416353357714713,0.24056543136298025,0.0061960755761861636,False,False,False
